{
    "keywords": {
        "cardápio|menu|opções|comida|fome|tem o que": "Temos Pizzas (doces e salgadas), Hambúrgueres Artesanais, Marmitex, Esfihas e Porções. Quer ver o cardápio completo?",
        "pizza|sabores|sabor|quais pizzas": "São mais de 50 sabores! Desde as tradicionais Mussarela e Calabresa até as Especiais da casa. Massa de longa fermentação e forno a lenha.",
        "rodízio|rodizio|buffet|comer a vontade": "Nosso rodízio é completo: Pizzas, Carnes, Buffet, Comida Japonesa e Sobremesas. Seg-Qui R$ 42,90 | Sex-Dom e Feriados R$ 45,90.",
        "preço|valor|quanto custa|custa": "Pizzas a partir de R$ 48,99. Rodízio a partir de R$ 42,90. Marmitex a partir de R$ 24,99. Consulte a aba Cardápio para detalhes!",
        "entrega|delivery|entregam|ifood|casa|pedir": "Entregamos sim! Por favor, digite seu **CEP** para eu verificar a unidade mais próxima e se atendemos sua região (raio de 6km).",
        "taxa|frete|custo entrega|valor entrega": "A taxa de entrega varia conforme a distância (aprox. R$ 1,50/km + taxa fixa). Digite seu **CEP** para eu calcular o valor exato!",
        "horário|aberto|fecha|funcionamento|hora": "Funcionamos todos os dias! Seg-Qui: 18h às 23h30 | Sex-Sáb: 18h às 00h | Dom: 18h às 23h30.",
        "endereço|onde fica|localização|unidades|unidade": "Temos 4 unidades: Itaquera (Rua Virgínia Ferni), Cidade IV Centenário, Parque Paineiras e Guarulhos. Qual fica melhor para você?",
        "telefone|contato|whatsapp|zap": "Nosso WhatsApp principal é (11) 91456-9028. Pode chamar para pedidos ou reservas!",
        "reserva|reservar|mesa|lugar": "Você pode reservar sua mesa direto aqui pelo site na aba 'Reservas' ou pelo WhatsApp.",
        "promoção|promoções|desconto|barato": "Temos pizzas promocionais (Calabresa, Baiana, Brócolis, etc) por R$ 49,99 e R$ 52,99. Confira no cardápio!",
        "pagamento|cartão|pix|aceita": "Aceitamos Cartões de Crédito, Débito, PIX e Vale Refeição (Alelo, Sodexo, VR, Ticket).",
        "oi|olá|bom dia|boa tarde|boa noite": [
            "Olá! Bem-vindo à Pizzaria Colonial. Eu sou a assistente virtual. Deu fome aí? 🍕",
            "Oi! Sou a IA da Colonial. Posso te ajudar com cardápio, reservas ou delivery?",
            "E aí! Tudo bem? Vai uma pizza hoje? Como posso ajudar?"
        ],
        "obrigado|valeu|agradeço": [
            "Por nada! Estamos à disposição. 🍕",
            "De nada! Se bater a fome, é só chamar.",
            "Disponha! Bom apetite!"
        ]
    },
    "fallback": "Desculpe, ainda estou aprendendo sobre pizzas! 😅 Posso ajudar com Cardápio, Horários, Endereços ou Reservas. O que você precisa?"
}