[
    {
        "customer": "tercio",
        "phone": "11964548785",
        "method": "Entrega",
        "address": "03949012",
        "items": [
            {
                "name": "Mussarela",
                "price": "R$ 48,99"
            },
            {
                "name": "Prestígio",
                "price": "R$ 46,90"
            }
        ],
        "total": "R$ 104,49",
        "obs": "",
        "coupon": null,
        "fee": "R$ 8,60",
        "id": 1768667753676,
        "timestamp": "17/01/2026 13:35:53"
    }
]